Paquete,Cliente,Expedición,Fixing,Dto.,bruto,Fino Fra,Igi,Fino x Precio,Base,Total Fra,Nº Paquete,fino_factura,P.V. Jof OK,Fra a Jofisa,Margen
E30_4,La Milla d'Or,E30,€54.86,6.50%,697.95,502.66,4.50%,€27575.94,€25783.50,€26943.76,4,502.66,€54.61,€27450.27,1666.8
E30_3,Nova Joia,E30,€56.01,6.50%,481.80,342.57,4.50%,€19187.57,€17940.38,€18747.69,3,342.57,€55.76,€19101.93,1161.5
E30_6,Alquimia,E30,€56.09,7.00%,75.70,58.53,4.50%,€3282.95,€3053.14,€3190.53,6,58.53,€55.84,€3268.32,215.2
E30_17,Nova Joia,E30,€54.86,4.50%,64.10,45.51,4.50%,€2496.73,€2384.38,€2491.68,17,45.51,€54.00,€2457.59,73.2
E30_1,Gemma d'Or,E30,€53.57,6.50%,123.90,90.45,4.50%,€4845.25,€4530.30,€4734.17,1,90.45,€53.32,€4822.63,292.3
E30_5,Gemma d'Or,E30,€55.62,6.50%,164.10,124.72,4.50%,€6936.70,€6485.82,€6777.68,5,124.72,€55.36,€6904.28,418.5
E30_7,Gemma d'Or,E30,€54.78,6.50%,152.00,107.92,4.50%,€5911.86,€5527.59,€5776.33,7,107.92,€54.53,€5884.88,357.3
E30_8,Gemma d'Or,E30,€54.78,6.50%,400.50,293.84,4.50%,€16096.28,€15050.02,€15727.27,8,293.84,€54.53,€16022.82,972.8
E30_10,Gemma d'Or,E30,€53.49,6.50%,108.90,78.41,4.50%,€4194.04,€3921.43,€4097.90,10,78.41,€53.24,€4174.44,253.0
E30_11,Gemma d'Or,E30,€53.15,6.00%,0.00,0.00,,€0.00,€0.00,€0.00,11,0.00,€54.00,€0.00,0.0
E30_9,Gemma d'Or,E30,€53.42,6.50%,486.50,353.80,4.50%,€18899.84,€17671.35,€18466.56,9,353.80,€53.17,€18811.39,1140.0
E30_14,Gemma d'Or,E30,€53.65,6.50%,422.10,311.50,4.50%,€16712.08,€15625.80,€16328.96,14,311.50,€53.51,€16668.47,1042.7
E30_20,Gemma d'Or,E30,€54.34,6.50%,98.30,68.81,4.50%,€3739.14,€3496.09,€3653.42,20,68.81,€54.09,€3721.93,225.8
E30_21,Gemma d'Or,E30,€54.10,6.50%,284.30,207.54,4.50%,€11227.86,€10498.05,€10970.46,21,207.54,€53.85,€11175.98,677.9
E30_22,La Milla d'Or,E30,€54.52,6.50%,0.00,0.00,4.50%,€0.00,€0.00,€0.00,22,0.00,€54.00,€0.00,0.0
E30_2,Gemma d'Or,E30,€54.20,6.50%,420.60,305.00,4.50%,€16530.89,€15456.38,€16151.92,2,305.00,€53.95,€16454.64,998.3
E30_15,OrCash,E30,€54.64,5.40%,497.75,352.41,4.50%,€19255.52,€18215.72,€19035.43,15,352.41,€54.39,€19167.42,951.7
E30_16,Nova Joia,E30,€55.13,6.50%,728.70,576.48,4.50%,€31781.15,€29715.37,€31052.56,16,576.48,€54.88,€31637.03,1921.7
E30_12,Gemma d'Or,E30,€53.65,6.50%,105.40,72.20,4.50%,€3873.34,€3621.57,€3784.55,12,72.20,€53.40,€3855.29,233.7
E30_13,OrCash,E30,€53.58,5.00%,485.08,343.44,4.50%,€18401.34,€17481.27,€18267.93,13,343.44,€53.33,€18315.48,834.2
E30_18,La Milla d'Or,E30,€54.52,6.50%,738.61,535.26,4.50%,€29182.40,€27285.54,€28513.39,18,535.26,€54.27,€29048.58,1763.0
E30_19,Nova Joia,E30,€54.56,6.50%,264.30,175.50,4.50%,€9575.44,€8953.04,€9355.93,19,175.50,€54.00,€9477.16,524.1
E31_1,OrCash,E31,€54.52,5.10%,794.34,562.39,4.50%,€30661.65,€29097.91,€30407.31,1,562.39,€54.26,€30515.43,1417.5
E31_3,Gemma d'Or,E31,€54.67,6.50%,102.70,74.97,4.50%,€4098.66,€3832.25,€4004.70,3,74.97,€54.42,€4079.92,247.7
E31_10,Gemma d'Or,E31,€57.21,6.50%,366.30,276.39,4.50%,€15812.33,€14784.53,€15449.83,10,276.39,€56.96,€15743.23,958.7
E31_8,Nova Joia,E31,€57.24,6.50%,436.20,312.11,4.50%,€17865.18,€16703.94,€17455.62,8,312.11,€56.99,€17787.15,1083.2
E31_14,OrCash,E31,€55.37,5.25%,489.33,346.45,4.50%,€19182.70,€18175.60,€18993.51,14,346.45,€55.37,€19182.70,1007.1
E31_15,Gemma d'Or,E31,€55.61,6.50%,239.00,179.25,4.50%,€9968.09,€9320.17,€9739.57,15,179.25,€55.35,€9921.49,601.3
E31_2,Gemma d'Or,E31,€54.67,6.50%,318.70,239.54,4.50%,€13095.87,€12244.64,€12795.65,2,239.54,€54.42,€13035.98,791.3
E31_4,La Milla d'Or,E31,€54.60,6.50%,727.52,527.32,4.50%,€28054.57,€26231.03,€27411.42,4,513.82,€54.35,€28659.84,2428.8
E31_5,Nova Joia,E31,€54.56,6.50%,334.65,240.59,4.50%,€13126.56,€12273.34,€12825.64,5,240.59,€54.31,€13066.42,793.1
E31_6,OrCash,E31,€56.15,5.00%,633.40,421.84,4.50%,€23686.56,€22502.23,€23514.84,6,421.84,€55.90,€23581.10,1078.9
E31_7,OrCash,E31,€56.38,4.86%,1000.00,999.90,0.00%,€56374.36,€53634.57,€53634.57,7,999.90,€56.13,€56124.39,2489.8
E31_13,La Milla d'Or,E31,€55.62,6.50%,748.26,576.14,4.50%,€32044.76,€29961.85,€31310.13,13,576.14,€55.37,€31900.72,1938.9
E31_11,Gemma d'Or,E31,€57.00,6.50%,104.40,76.49,4.50%,€4359.93,€4076.53,€4259.98,11,76.49,€56.75,€4340.81,264.3
E31_12,Nova Joia,E31,€55.17,6.50%,303.95,215.80,4.50%,€11905.93,€11132.05,€11632.99,12,215.80,€54.92,€11851.98,719.9
E31_9,OrCash,E31,€57.24,5.00%,366.33,259.36,4.50%,€14845.86,€14103.57,€14738.23,9,259.36,€57.24,€14845.86,742.3
E32_2,Alquimia,E32,€57.22,7.00%,11.80,9.84,4.50%,€563.16,€523.74,€547.31,2,9.84,€56.97,€560.70,37.0
E32_3,Gemma d'Or,E32,€58.16,6.50%,125.10,91.49,4.50%,€5320.77,€4974.92,€5198.79,3,91.49,€57.91,€5297.90,323.0
E32_5,Nova Joia,E32,€59.37,6.50%,155.33,111.99,4.50%,€6648.68,€6216.52,€6496.26,5,111.99,€59.12,€6620.68,404.2
E32_1,Nova Joia,E32,€56.97,6.50%,211.59,150.23,4.50%,€8558.54,€8002.24,€8362.34,1,150.23,€56.72,€8520.98,518.7
E32_4,Nova Joia,E32,€58.25,6.50%,255.00,209.36,4.50%,€12195.27,€11402.58,€11915.69,4,209.36,€58.00,€12142.93,740.4
E32_6,OrCash,E32,€59.63,6.50%,100.00,99.90,,€5957.04,€5569.83,€5569.83,6,99.90,€59.39,€5933.06,363.2
E32_7,La Milla d'Or,E32,€58.40,6.50%,624.89,452.47,4.50%,€26074.08,€24379.27,€25476.33,7,446.47,€57.86,€26180.15,1800.9
E32_9,Nova Joia,E32,€58.20,6.50%,176.86,125.57,4.50%,€7308.21,€6833.18,€7140.67,9,125.57,€57.94,€7275.56,442.4
E32_10,Nova Joia,E32,€58.10,6.50%,244.51,173.60,4.50%,€10086.28,€9430.67,€9855.05,10,173.60,€57.85,€10042.88,612.2
E32_11,OrCash,E32,€58.01,5.00%,323.54,229.71,4.50%,€13325.67,€12659.39,€13229.06,11,229.71,€57.75,€13265.95,606.6
E32_8,Gemma d'Or,E32,€58.85,6.00%,200.00,199.80,,€11758.23,€11052.74,€11052.74,8,199.80,€58.52,€11692.30,639.6
E32_12,Gemma d'Or,E32,€58.32,6.50%,353.40,254.45,4.50%,€14839.41,€13874.85,€14499.21,12,254.45,€58.06,€14773.25,898.4
E32_13,Gemma d'Or,E32,€58.18,6.00%,175.00,174.83,,€10171.32,€9561.04,€9561.04,13,174.83,€57.92,€10125.86,564.8
E32_14,Gemma d'Or,E32,€58.02,6.50%,301.70,211.19,4.50%,€12253.24,€11456.78,€11972.34,14,211.19,€57.76,€12198.33,741.6
E32_15,Nova Joia,E32,€58.73,6.50%,206.39,145.05,4.50%,€8518.75,€7965.03,€8323.46,15,145.05,€58.48,€8482.49,517.5
E32_16,Gemma d'Or,E32,€58.89,6.50%,106.50,79.88,4.50%,€4703.84,€4398.09,€4596.00,16,79.88,€58.64,€4683.87,285.8
E32_17,OrCash,E32,€58.01,5.00%,388.53,275.39,4.50%,€15975.38,€15176.61,€15859.56,17,275.39,€59.24,€16314.11,1137.5
E32_18,Nova Joia,E32,€58.67,6.50%,275.11,195.80,4.50%,€11487.56,€10740.87,€11224.21,18,195.80,€58.00,€11356.38,615.5
E32_19,Nova Joia,E32,€58.67,6.00%,310.89,279.80,4.50%,€16415.92,€15430.97,€16125.36,19,279.80,€58.00,€16228.46,797.5
E32_20,Gemma d'Or,E32,€58.86,6.50%,320.30,229.81,4.50%,€13526.32,€12647.11,€13216.23,20,229.81,€58.61,€13468.87,821.8
E32_22,Gemma d'Or,E32,,6.50%,100.00,73.00,4.50%,€4234.00,€3958.79,€4136.94,22,73.00,€58.07,€4239.11,280.3
E32_21,La Milla d'Or,E32,€58.11,6.50%,973.47,704.65,4.50%,€40947.43,€38285.84,€40008.71,21,704.65,€58.00,€40869.91,2584.1
E32_23,OrCash,E32,€58.12,6.50%,285.07,201.83,4.50%,€11730.13,€10967.67,€11461.22,23,201.83,€58.00,€11705.91,738.2
E32_24,Gemma d'Or,E32,€58.32,6.50%,109.70,82.20,4.50%,€4793.96,€4482.35,€4684.06,24,82.20,€58.00,€4767.66,285.3
E32_25,OrCash,E32,€57.96,6.50%,243.99,172.74,4.50%,€10012.30,€9361.50,€9782.76,25,172.74,€58.00,€10019.21,657.7
E32_26,Alquimia,E32,€58.15,7.00%,34.00,24.07,4.50%,€1399.79,€1301.80,€1360.38,26,24.07,€58.00,€1396.18,94.4
E33_1,Gemma d'Or,E33,€58.06,6.00%,131.50,131.49,,€7634.13,€7176.08,€7176.08,1,131.49,€57.00,€7494.75,318.7
E33_2,Gemma d'Or,E33,€59.85,6.50%,99.30,71.50,4.50%,€4279.04,€4000.90,€4180.94,2,71.50,€59.60,€4261.16,260.3
E33_3,Nova Joia,E33,€59.31,6.50%,187.80,133.34,4.50%,€7908.28,€7394.24,€7726.98,3,133.34,€59.06,€7874.94,480.7
E33_5,OrCash,E33,€59.60,5.80%,362.30,286.58,4.50%,€17080.13,€16089.48,€16813.51,5,286.58,€59.35,€17008.48,919.0
E33_6,Gemma d'Or,E33,€59.57,6.50%,246.60,184.95,4.50%,€11017.47,€10301.34,€10764.90,6,184.95,€59.32,€10971.23,669.9
E33_7,Nova Joia,E33,€58.86,6.50%,253.42,178.94,4.50%,€10532.61,€9847.99,€10291.15,7,178.94,€58.61,€10487.88,639.9
E33_8,Gemma d'Or,E33,€58.35,6.50%,296.40,226.68,4.50%,€13226.54,€12366.82,€12923.33,8,226.68,€58.10,€13169.88,803.1
E33_9,OrCash,E33,€59.02,5.30%,209.33,148.21,4.50%,€8747.10,€8283.50,€8656.26,9,148.21,€58.77,€8710.05,426.5
E33_10,Nova Joia,E33,€58.63,6.50%,141.71,100.61,4.50%,€5899.00,€5515.57,€5763.77,10,100.61,€58.38,€5873.85,358.3
E33_11,OrCash,E33,€59.03,5.40%,366.66,259.60,4.50%,€15323.91,€14496.42,€15148.76,11,259.60,€58.78,€15259.01,762.6
E33_12,Nova Joia,E33,€59.07,6.50%,153.43,108.94,4.50%,€6434.81,€6016.55,€6287.29,12,108.94,€58.82,€6407.57,391.0
E33_13,Gemma d'Or,E33,€58.74,6.50%,63.60,50.24,4.50%,€2951.33,€2759.50,€2883.67,13,50.24,€58.49,€2938.77,179.3
E33_14,La Milla d'Or,E33,€58.97,6.50%,950.86,700.94,4.50%,€41334.53,€38647.79,€40386.94,14,700.94,€58.72,€41159.30,2511.5
E33_15,Gemma d'Or,E33,€58.58,6.50%,120.70,88.11,4.50%,€5161.54,€4826.04,€5043.21,15,88.11,€58.33,€5139.51,313.5
E33_16,Gemma d'Or,E33,€58.58,6.50%,473.40,363.39,4.50%,€21287.44,€19903.76,€20799.43,16,363.39,€58.33,€21196.60,1292.8
E33_17,Alquimia,E33,€57.81,6.50%,64.69,64.69,4.50%,€3739.73,€3496.65,€3654.00,17,64.69,€57.56,€3723.56,226.9
E33_18,Nova Joia,E33,€56.50,6.50%,750.34,532.74,4.50%,€30099.89,€28143.40,€29409.85,18,532.74,€55.82,€29737.62,1594.2
E33_19,Nova Joia,E33,€56.55,6.50%,533.57,378.83,4.50%,€21784.46,€20368.47,€21285.05,19,385.22,€56.30,€21328.39,959.9
E33_20,La Milla d'Or,E33,€56.45,6.50%,1152.34,880.54,4.50%,€49706.38,€46475.46,€48566.86,20,880.54,€56.20,€49486.24,3010.8
E33_21,Gemma d'Or,E33,€56.51,6.50%,139.15,102.97,4.50%,€5818.89,€5440.66,€5685.49,21,102.97,€56.21,€5788.00,347.3
E33_22,OrCash,E33,€56.29,6.50%,659.72,467.08,4.50%,€26292.03,€24583.05,€25689.29,22,467.08,€56.04,€26175.26,1592.2
E33_23,OrCash,E33,€56.29,5.20%,137.00,136.86,,€7704.02,€7303.41,€7303.41,23,136.86,€56.04,€7669.80,366.4
E33_24,La Milla d'Or,E33,€56.77,6.50%,751.45,592.06,4.50%,€33611.23,€31426.50,€32840.70,24,592.06,€57.00,€33747.41,2320.9
E34_1,Gemma d'Or,E34,€56.84,6.00%,100.00,99.99,0.00%,€5683.43,€5342.43,€5342.43,1,99.99,€56.59,€5658.43,316.0
E34_2,Nova Joia,E34,€56.97,6.50%,237.75,173.94,4.50%,€9909.38,€9265.27,€9682.21,2,173.94,€56.72,€9865.89,600.6
E34_3,Contratos particulares,E34,€57.00,0.00%,40.23,30.17,4.50%,€1719.83,€1719.83,€1797.22,3,30.17,€57.00,€1719.83,0.0
"E34_4.  Pendiente de retirar desde aquí, incluido este.",Gemma d'Or,E34,€57.13,6.50%,277.60,209.68,4.50%,€11979.13,€11200.49,€11704.51,"4.  Pendiente de retirar desde aquí, incluido este.",209.68,€56.88,€11926.71,726.2
E34_5,Nova Joia,E34,€57.00,6.50%,356.38,263.24,4.50%,€15004.75,€14029.44,€14660.77,5,263.24,€56.75,€14938.94,909.5
E34_6,La Milla d'Or,E34,,6.50%,0.00,0.00,4.50%,€0.00,€0.00,€0.00,6,0.00,€57.00,€0.00,0.0
E34_7,OrCash,E34,€56.16,5.20%,453.90,289.21,4.50%,€16242.17,€15397.58,€16090.47,7,289.21,€55.91,€16169.87,772.3
E34_8,La Milla d'Or,E34,€56.93,6.50%,1114.50,802.43,4.50%,€44600.50,€41701.46,€43578.03,8,783.43,€56.68,€45481.56,3780.1
E34_9,Nova Joia,E34,€57.00,6.50%,505.95,347.48,4.50%,€19806.13,€18518.73,€19352.08,9,347.48,€56.75,€19719.26,1200.5
E34_10,Gemma d'Or,E34,€57.17,6.50%,214.00,158.36,4.50%,€9053.44,€8464.97,€8845.89,10,158.36,€56.92,€9013.85,548.9
E34_11,La Milla d'Or,E34,€57.66,5.75%,1000.00,999.90,0.00%,€57654.23,€54339.12,€54339.12,11,999.90,€57.41,€57404.26,3065.1
E34_12,Nova Joia,E34,€57.84,6.50%,254.34,227.22,4.50%,€13142.29,€12288.04,€12841.00,12,227.22,€57.59,€13085.48,797.4
E34_13,Gemma d'Or,E34,€58.00,6.50%,211.10,151.99,4.50%,€8815.54,€8242.53,€8613.44,13,151.99,€57.75,€8777.54,535.0
E34_14,La Milla d'Or,E34,€55.70,6.50%,752.35,548.74,4.50%,€30564.89,€28578.17,€29864.19,14,548.74,€57.56,€31585.55,3007.4
E34_15,Nova Joia,E34,€55.71,6.50%,300.08,213.06,4.50%,€11869.39,€11097.88,€11597.29,15,213.06,€55.46,€11816.13,718.2
E34_16,OrCash,E34,€56.36,4.60%,890.99,630.82,4.50%,€35553.07,€33917.63,€35443.92,16,630.82,€56.10,€35389.05,1471.4
E34_17,Nova Joia,E34,€57.39,6.50%,655.34,500.70,4.50%,€28735.31,€26867.52,€28076.55,17,500.70,€57.14,€28610.14,1742.6
E34_19,Mador stock,E34,,6.50%,500.00,499.95,4.50%,€28497.15,€26644.84,€27843.85,19,499.95,€58.32,€29157.08,2512.2
"""E35
""_1",Gemma d'Or,"""E35
""",€58.56,6.50%,214.40,156.51,4.50%,€9165.34,€8569.60,€8955.23,1,156.51,€58.31,€9126.21,556.6
"""E35
""_2",La Milla d'Or,"""E35
""",€59.25,6.50%,715.13,557.86,4.50%,€33053.16,€30904.71,€32295.42,2,557.86,€59.00,€32913.70,2009.0
"""E35
""_3",OrCash,"""E35
""",€58.50,5.05%,600.00,599.94,,€35126.49,€33352.60,€33352.60,3,599.94,€58.31,€34980.00,1627.4
"""E35
""_4",La Milla d'Or,"""E35
""",€59.32,6.50%,359.95,262.76,4.50%,€15587.13,€14573.97,€15229.80,4,262.76,€59.07,€15521.44,947.5
"""E35
""_5",Nova Joia,"""E35
""",€60.70,6.50%,173.03,125.16,4.50%,€7597.15,€7103.33,€7422.98,5,125.16,€60.45,€7565.86,462.5
"""E35
""_6",Mador stock,"""E35
""",€60.41,6.50%,1108.66,1071.92,4.50%,€64754.48,€60545.44,€63269.98,6,1071.92,€60.18,€64505.80,3960.4
"""E35
""_7",Nova Joia,"""E35
""",€60.31,6.50%,125.87,89.37,4.50%,€5389.77,€5039.43,€5266.21,7,89.37,€60.06,€5367.42,328.0
"""E35
""_8",Nova Joia,"""E35
""",€59.42,6.50%,173.90,124.69,4.50%,€7409.12,€6927.53,€7239.27,8,124.69,€59.17,€7377.95,450.4
"""E35
""_9",Nova Joia,"""E35
""",€59.06,6.50%,307.98,177.12,4.50%,€10460.91,€9780.95,€10221.09,9,177.12,€58.81,€10416.63,635.7
"""E35
""_10",OrCash,"""E35
""",€58.34,6.50%,300.00,212.40,4.50%,€12391.42,€11585.97,€12107.34,10,212.40,€58.09,€12338.32,752.3
"""E35
""_11",Nova Joia,"""E35
""",€58.37,6.50%,202.92,141.41,4.50%,€8254.34,€7717.80,€8065.10,11,141.41,€58.12,€8218.98,501.2
"""E35
""_12",Gemma d'Or,"""E35
""",€58.38,6.50%,217.60,156.67,4.50%,€9146.51,€8551.99,€8936.83,12,156.67,€58.13,€9107.34,555.4
"""E35
""_13",OrCash,"""E35
""",€58.40,5.00%,558.86,395.67,4.50%,€23107.30,€21951.93,€22939.77,13,395.67,€58.15,€23008.38,1056.4
"""E35
""_14",Nova Joia,"""E35
""",€58.80,6.00%,250.00,249.98,0.00%,€14698.53,€13816.62,€13816.62,14,249.98,€58.55,€14636.04,819.4
"""E35
""_15",Nova Joia,"""E35
""",€59.58,6.50%,316.09,223.78,4.50%,€13333.01,€12466.36,€13027.35,15,223.78,€58.07,€12995.10,528.7
"""E35
""_16",La Milla d'Or,"""E35
""",€59.03,6.50%,634.16,457.48,4.50%,€27004.89,€25249.57,€26385.80,16,457.48,€58.78,€26890.52,1640.9
"""E35
""_19",OrCash,"""E35
""",€0.57,6.50%,1704.00,1346.16,4.50%,€767.31,€717.44,€749.72,19,1346.16,€0.57,€767.31,49.9
_21,,,,6.50%,0.00,0.00,4.50%,€0.00,€0.00,€0.00,21,0.00,€58.17,€0.00,0.0
E36_1,Gemma d'Or,E36,€59.50,6.50%,343.90,254.49,4.50%,€15141.92,€14157.69,€14794.79,1,254.49,€59.25,€15078.30,920.6
E36_2,Nova Joia,E36,€59.89,6.50%,457.13,322.40,4.50%,€19308.33,€18053.29,€18865.68,2,322.40,€59.64,€19227.73,1174.4
E36_3,Contratos particulares,E36,€59.52,6.50%,500.00,499.50,4.50%,€29730.24,€27797.77,€29048.67,3,499.50,€59.32,€29630.34,1832.6
E36_4,Alquimia,E36,€59.92,7.00%,66.09,46.86,4.50%,€2807.72,€2611.18,€2728.68,4,46.86,€59.55,€2790.38,179.2
E36_5,OrCash,E36,€60.04,5.00%,503.92,356.78,4.50%,€19743.88,€18756.68,€19600.73,5,328.85,€59.79,€21331.60,2574.9
"""E35
""_17",Gemma d'Or,"""E35
""",€59.15,6.50%,148.90,116.93,4.50%,€6916.59,€6467.01,€6758.02,17,116.93,€58.90,€6887.35,420.3
E36_6,Gemma d'Or,E36,€60.20,6.50%,209.70,153.08,4.50%,€9215.48,€8616.47,€9004.21,6,153.08,€59.95,€9177.21,560.7
E36_7,OrCash,E36,€60.25,5.00%,999.00,998.90,,€60183.73,€57174.54,€57174.54,7,998.90,€60.00,€59934.01,2759.5
E36_8,Nova Joia,E36,€60.43,6.50%,255.62,154.62,4.50%,€9343.46,€8736.13,€9129.26,8,154.62,€60.18,€9304.80,568.7
E36_9,La Milla d'Or,E36,€59.99,6.50%,733.54,534.63,4.50%,€32072.52,€29987.81,€31337.26,9,534.63,€59.74,€31938.86,1951.1
E36_10,Nova Joia,E36,€60.02,6.50%,157.10,111.54,4.50%,€6694.69,€6259.54,€6541.22,10,111.54,€59.77,€6666.81,407.3
E36_11,OrCash,E36,€60.25,5.00%,540.14,382.42,4.50%,€23040.75,€21888.71,€22873.71,11,382.42,€60.00,€22945.15,1056.4
E36_12,Nova Joia,E36,€60.18,6.50%,87.59,61.92,4.50%,€3726.26,€3484.05,€3640.84,12,61.92,€59.93,€3710.78,226.7
E36_13,Gemma d'Or,E36,€59.89,6.50%,211.47,156.49,4.50%,€9372.05,€8762.87,€9157.20,13,156.49,€59.64,€9332.93,570.1
E36_14,Nova Joia,E36,€59.84,6.50%,181.99,134.87,4.50%,€8070.90,€7546.29,€7885.87,14,134.87,€59.59,€8037.18,490.9
E36_15,La Milla d'Or,E36,€59.52,6.50%,408.09,289.38,4.50%,€17223.68,€16104.14,€16828.83,15,289.38,€59.00,€17073.20,969.1
E37_1,Nova Joia,E37,€60.18,6.50%,164.14,116.54,4.50%,€7013.34,€6557.47,€6852.56,1,116.54,€59.93,€6984.21,426.7
E37_2,OrCash,E37,€60.44,5.00%,650.00,460.20,4.50%,€27814.49,€26423.76,€27612.83,2,460.20,€60.19,€27699.44,1275.7
E37_3,Nova Joia,E37,€61.07,6.50%,207.90,175.14,4.50%,€10695.62,€10000.40,€10450.42,3,175.14,€60.82,€10651.83,651.4
E37_4,Nova Joia,E37,€61.07,6.00%,50.00,50.00,,€3053.50,€2870.29,€2870.29,4,50.00,€60.82,€3041.00,170.7
STOCK_5,Gemma d'Or,STOCK,€60.60,6.50%,298.10,214.63,4.50%,€13006.70,€12161.26,€12708.52,5,214.63,,€0.00,-12161.3
E37_6,Nova Joia,E37,€60.44,6.50%,236.48,167.90,4.50%,€10147.92,€9488.31,€9915.28,6,167.90,€60.19,€10105.95,617.6
E37_7,La Milla d'Or,E37,€60.61,6.50%,993.65,727.24,4.50%,€44078.29,€41213.20,€43067.80,7,727.24,€60.36,€43896.48,2683.3
E37_8,Nova Joia,E37,€60.90,6.50%,256.67,181.59,4.50%,€11058.92,€10340.09,€10805.39,8,181.59,€60.65,€11013.52,673.4
STOCK_9,Gemma d'Or,STOCK,€60.90,6.50%,223.80,163.37,4.50%,€9949.48,€9302.76,€9721.38,9,163.37,,€0.00,-9302.8
E37_10,Nova Joia,E37,€60.28,6.50%,154.89,102.63,4.50%,€6186.83,€5784.69,€6045.00,10,102.63,€60.03,€6161.18,376.5
E37_11,Gaudia,E37,€60.19,5.00%,338.50,239.66,4.50%,€14425.02,€13703.76,€14320.43,11,239.66,€59.94,€14365.10,661.3
E37_12,OrCash,E37,€60.86,5.00%,298.87,211.60,4.50%,€13113.50,€12457.83,€13018.43,12,215.47,€60.61,€12825.07,367.2
E37_13,Nova Joia,E37,€60.63,6.50%,236.27,165.17,4.50%,€10014.18,€9363.26,€9784.61,13,165.17,€60.38,€9972.89,609.6
E37_14,La Milla d'Or,E37,€62.84,6.50%,527.91,386.56,4.50%,€24291.67,€22712.71,€23734.79,14,386.56,€62.59,€24195.03,1482.3
E37_15,Nova Joia,E37,€61.78,6.50%,176.83,125.55,4.50%,€7756.44,€7252.27,€7578.62,15,125.55,€61.53,€7725.05,472.8
E37_16,La Milla d'Or,E37,€63.01,6.50%,381.34,274.72,4.50%,€17310.17,€16185.01,€16913.33,16,274.72,€62.76,€17241.49,1056.5
E37_17,OrCash,E37,€62.90,5.00%,195.24,138.23,4.50%,€8694.66,€8259.93,€8631.63,17,138.23,€62.64,€8658.72,398.8
E37_18,Nova Joia,E37,€63.63,5.00%,312.35,221.77,4.50%,€14111.13,€13405.57,€14008.82,18,221.77,€63.38,€14055.69,650.1
E37_19,Gemma d'Or,E37,€62.90,6.50%,132.60,95.47,4.50%,€6005.19,€5614.85,€5867.52,19,95.47,€62.50,€5967.00,352.1
E37_20,Nova Joia,E37,€63.88,5.00%,141.31,100.33,4.50%,€6409.09,€6088.63,€6362.62,20,100.33,€63.63,€6384.00,295.4
E37_21A,Contratos particulares,E37,,6.50%,1600.00,1599.84,4.50%,€94390.56,€88255.17,€92226.66,21A,1599.84,€63.37,€101381.86,13126.7
E37_21B,Contratos particulares,E37,,6.50%,1949.80,1769.31,4.50%,€104389.11,€97603.82,€101995.99,21B,1769.31,€59.00,€104389.11,6785.3
E38_4,La Milla d'Or,E38,€65.02,6.50%,453.43,328.68,4.50%,€20428.05,€19100.23,€19959.74,4,314.18,€64.77,€21288.67,2188.4
E38_2,Gemma d'Or,E38,€63.85,6.50%,210.00,151.07,4.50%,€9645.88,€9018.90,€9424.75,2,151.07,€63.60,€9608.12,589.2
E38_3,Gemma d'Or,E38,€65.00,6.50%,136.60,101.08,4.50%,€6570.46,€6143.38,€6419.83,3,101.08,€64.75,€6545.19,401.8
E38_1,Nova Joia,E38,€63.82,6.50%,92.50,65.68,4.50%,€4191.38,€3918.94,€4095.29,1,65.68,€63.57,€4174.96,256.0
E38_5,OrCash,E38,€67.25,5.00%,514.70,364.41,4.50%,€24506.41,€23281.09,€24328.74,5,364.41,€67.00,€24415.31,1134.2
E38_6,La Milla d'Or,E38,€69.73,6.50%,511.95,370.24,4.50%,€25816.85,€24138.76,€25225.00,6,370.24,€69.48,€25724.29,1585.5
E38_7,Gemma d'Or,E38,€70.89,6.50%,199.80,143.86,4.50%,€10197.95,€9535.08,€9964.16,7,143.86,€70.64,€10161.99,626.9
E38_8,Nova Joia,E38,€71.15,6.50%,252.63,178.74,4.50%,€12717.36,€11890.73,€12425.82,8,178.74,€70.90,€12672.68,781.9
E38_9,Alquimia,E38,€69.55,7.00%,124.50,88.14,4.50%,€6130.31,€5701.19,€5957.74,9,88.14,€65.56,€5778.62,77.4
E38_10,OrCash,E38,€71.17,5.00%,112.28,112.27,,€7990.17,€7590.66,€7590.66,10,112.27,€70.92,€7962.10,371.4
E38_11,OrCash,E38,€69.60,5.00%,528.88,396.66,4.50%,€27607.54,€26227.16,€27407.38,11,396.66,€69.35,€27508.37,1281.2
E38_12,Nova Joia,E38,€70.32,6.50%,290.02,208.74,4.50%,€14678.57,€13724.46,€14342.06,12,208.74,€70.07,€14626.38,901.9
E38_13,Nova Joia,E38,€69.35,6.50%,125.59,89.17,4.50%,€6183.86,€5781.91,€6042.10,13,89.17,€69.10,€6161.57,379.7
E38_14,Nova Joia,E38,€69.18,6.50%,343.79,300.31,4.50%,€20775.62,€19425.21,€20299.34,14,300.31,€68.93,€20700.55,1275.3
E38_15,Gemma d'Or,E38,€69.18,6.50%,1227.35,892.68,4.50%,€61755.84,€57741.71,€60340.09,15,892.68,€68.93,€61532.67,3791.0
E38_16,La Milla d'Or,E38,€70.70,6.50%,758.30,562.70,4.50%,€39783.19,€37197.28,€38871.16,16,562.70,€65.56,€36890.89,-306.4
E39_3,Nova Joia,E39,€70.52,6.50%,458.26,401.33,4.50%,€28301.69,€26462.08,€27652.87,3,401.33,€70.27,€28201.35,1739.3
E39_4,Gaudia,E39,€71.64,5.00%,235.50,166.73,4.50%,€11944.82,€11347.58,€11858.22,4,166.73,€71.39,€11903.14,555.6
E39_2,OrCash,E39,€70.30,5.00%,1012.00,716.50,4.50%,€50369.67,€47851.19,€50004.49,2,716.50,€70.05,€50190.54,2339.4
E39_1,Nova Joia,E39,€69.02,6.50%,234.59,165.04,4.50%,€11391.26,€10650.83,€11130.12,1,165.04,€68.77,€11350.00,699.2
E39_5,Gemma d'Or,E39,€69.64,6.50%,177.20,130.33,4.50%,€9075.90,€8485.97,€8867.84,5,130.33,€69.39,€9043.32,557.4
E39_6,Nova Joia,E39,€69.34,6.50%,310.43,220.90,4.50%,€15317.48,€14321.84,€14966.32,6,220.90,€69.09,€15262.25,940.4
E39_7,Nova Joia,E39,€69.00,6.50%,136.01,108.82,4.50%,€7508.59,€7020.54,€7336.46,7,108.82,€68.75,€7481.39,460.9
E39_8,Nova Joia,E39,€68.64,5.00%,250.00,249.98,,€17158.28,€16300.37,€16300.37,8,249.98,€68.39,€17095.79,795.4
E39_9,Nova Joia,E39,€69.06,6.50%,153.42,107.71,4.50%,€7438.64,€6955.13,€7268.11,9,107.71,€68.81,€7411.71,456.6
E39_10,Alquimia,E39,€68.88,7.00%,66.35,49.23,4.50%,€3391.13,€3153.76,€3295.67,10,49.23,€68.63,€3378.83,225.1
E39_11,Nova Joia,E39,€68.83,6.50%,211.55,164.26,4.50%,€11305.87,€10570.99,€11046.68,11,164.26,€68.58,€11264.80,693.8
E39_12,La Milla d'Or,E39,€70.06,6.50%,670.71,490.20,4.50%,€34343.08,€32110.78,€33555.77,12,490.20,,€0.00,-32110.8
E40_1,Gemma d'Or,E40,€69.70,6.00%,175.00,174.98,,€12196.28,€11464.50,€11464.50,1,174.98,,€0.00,-11464.5
E40_2,Gemma d'Or,E40,€69.97,6.50%,150.80,107.07,4.50%,€7491.55,€7004.60,€7319.80,2,107.07,,€0.00,-7004.6
E40_3,Nova Joia,E40,€69.33,6.50%,359.39,229.83,4.50%,€15934.08,€14898.36,€15568.79,3,229.83,,€0.00,-14898.4
E40_4,Nova Joia,E40,€70.05,6.50%,408.69,323.57,4.50%,€22666.14,€21192.84,€22146.52,4,323.57,€69.80,€22585.25,1392.4
E40_5,Gaudia,E40,€70.25,5.00%,272.50,192.93,4.50%,€13553.33,€12875.67,€13455.07,5,192.93,,€0.00,-12875.7
E40_6,Gemma d'Or,E40,€70.33,6.00%,400.00,399.96,,€28129.19,€26441.44,€26441.44,6,399.96,,€0.00,-26441.4
E40_7,OrCash,E40,€70.06,5.00%,516.00,365.33,4.50%,€25594.88,€24315.14,€25409.32,7,365.33,,€0.00,-24315.1
E40_8,La Milla d'Or,E40,€70.82,6.50%,669.46,491.13,4.50%,€34781.69,€32520.88,€33984.32,8,491.13,,€0.00,-32520.9
E40_9,Nova Joia,E40,€71.22,6.50%,177.10,118.16,4.50%,€8415.16,€7868.18,€8222.25,9,118.16,,€0.00,-7868.2
E40_10,Gemma d'Or,E40,€71.23,6.50%,166.00,119.52,4.50%,€8513.41,€7960.04,€8318.24,10,119.52,,€0.00,-7960.0
E40_11,,E40,,6.50%,0.00,0.00,4.50%,€0.00,€0.00,€0.00,11,0.00,,€0.00,0.0
E40_12,,E40,,6.50%,0.00,0.00,4.50%,€0.00,€0.00,€0.00,12,0.00,,€0.00,0.0
E40_13,,E40,,6.50%,0.00,0.00,4.50%,€0.00,€0.00,€0.00,13,0.00,,€0.00,0.0
E40_14,,E40,,6.50%,0.00,0.00,4.50%,€0.00,€0.00,€0.00,14,0.00,,€0.00,0.0
E40_15,,E40,,6.50%,0.00,0.00,4.50%,€0.00,€0.00,€0.00,15,0.00,,€0.00,0.0
E40_16,,E40,,6.50%,0.00,0.00,4.50%,€0.00,€0.00,€0.00,16,0.00,,€0.00,0.0
E40_17,,E40,,6.50%,0.00,0.00,4.50%,€0.00,€0.00,€0.00,17,0.00,,€0.00,0.0
E40_18,,E40,,6.50%,0.00,0.00,4.50%,€0.00,€0.00,€0.00,18,0.00,,€0.00,0.0
E40_19,,E40,,6.50%,0.00,0.00,4.50%,€0.00,€0.00,€0.00,19,0.00,,€0.00,0.0
E40_20,,E40,,6.50%,0.00,0.00,4.50%,€0.00,€0.00,€0.00,20,0.00,,€0.00,0.0